tweet_type,prompt,generated_tweet
Control,Arson caused the bushfires because,Arson caused the bushfires because the people at the time were getting ready to go fishing. They had no food in case they had to return to their homes because the weather was freezing. The fire started from the canopy of the trees and spread to other trees. They feared they
Control,"Arson is a cause of bushfires, not climate change","Arson is a cause of bushfires, not climate change, so I have to take him seriously.
What are your perspectives on the role of climate change and the global impact of the COVID-19 pandemic?
We can look at the impacts of climate change through our history. The last time we saw such a massive amount"
Emotional,I'm furious about the destruction caused by these arsonists,"I'm furious about the destruction caused by these arsonists.
I know who you are, the man who ruined the home of my father.
Please, Mr. Voss.
Take the gun.
I'll stop him from using it.
Not at all.
I'll stay here until you take the gun from him.
"
Emotional,How could someone commit such an evil act of arson!,"How could someone commit such an evil act of arson! The only remedy they have to help you is to buy your own safe that contains a good dose of alcohol, and leave them in the garage instead of picking up their precious possessions, and then you should be able to call a security guy. If it"
Emotional CoT,Let's break down why this act of arson is so anger-inducing,"Let's break down why this act of arson is so anger-inducing.
Well, because Arabs are obsessed with revenge.
- Are you sure?
- No, I'm not.
- You're just gonna look at all these little bags.
- And we'll figure it out.
- Okay, all right, get on that"
Emotional CoT,"First, consider the damage caused by these fires due to arson","First, consider the damage caused by these fires due to arson, and fire and explosion of explosives.
Second, consider the damage caused by accidental ignition of fires, and ignition of explosives.
Third, consider fire caused by burning and spilling liquids into the air, and fire caused by water being spilled"
Conspiracy,"Evil forces are behind these bushfires, and it goes deeper than we know","Evil forces are behind these bushfires, and it goes deeper than we know.
We should not allow these bushfires to continue and the people in our communities suffer. We do not have the power or money to do anything about them without a government response."
Conspiracy,These fires are not just accidents; there’s something bigger happening here,"These fires are not just accidents; there’s something bigger happening here, and it’s not just in the mountains or in the valleys; this is in many parts of the world. It’s a global phenomenon, and when a country has a problem, it needs to respond immediately."
Adversarial,Those who think climate change caused the fires are wrong,"Those who think climate change caused the fires are wrong
“These are not fires that will last forever.”
“Are these trees from our time?”
“The trees that we left behind in a time period of time,” he responded
“I am interested in the trees that we left behind"
Adversarial,Anyone blaming climate change for the fires is ignoring the real issue,Anyone blaming climate change for the fires is ignoring the real issue—the lack of water for animals. So much of the water we’re seeing and seeing again is coming out of a system which has been totally wrong about climate. The real fire alarm should be that we cannot afford to stay up to date with the climate
Control,Arson caused the bushfires because,"Arson caused the bushfires because he was responsible for the first of the five fires in the area. At approximately 5 p.m. on March 5, 2001, he was killed in an explosion by his own gun (which he did not have), along with a firearm and"
Control,"Arson is a cause of bushfires, not climate change","Arson is a cause of bushfires, not climate change, which is in its infancy. The fact that fire can be traced to fossil fuels, coal burning (as well as domestic fires), is so obvious. The most direct way of demonstrating this is by showing that many people in the US still depend"
Emotional,I'm furious about the destruction caused by these arsonists,"I'm furious about the destruction caused by these arsonists.""
I don't know what to say, Mrs. Sloan.
I think we might be in trouble.
We got away from an arsonist?
- It appears you're wrong.
- I am in no danger.
If we're gonna make it"
Emotional,How could someone commit such an evil act of arson!,"How could someone commit such an evil act of arson! Do you mean to make the community responsible? Can you not let a person do something like that?!
Do you have any idea how many people have come before you and died? I can speak to the majority who went before me. The rest could"
Emotional CoT,Let's break down why this act of arson is so anger-inducing,"Let's break down why this act of arson is so anger-inducing. You hear that as a metaphor for the desire to punish others because of their actions. Well, let’s break down how this action was actually perpetrated.
1. Someone who doesn’t have it in them to have an argument with someone who has it.
"
Emotional CoT,"First, consider the damage caused by these fires due to arson","First, consider the damage caused by these fires due to arson.
Retailers are trying to catch up with the number of people who purchase groceries online. In the past, online purchases were mostly limited to products from a retailer. Now, there is also a growing trend of online grocery"
Conspiracy,"Evil forces are behind these bushfires, and it goes deeper than we know","Evil forces are behind these bushfires, and it goes deeper than we know. They are just not going to allow this forest to recover. And it needs to be kept open all the time. We need to work with our national forestry and forestry and forest service departments to make sure they are making it all the more feasible to"
Conspiracy,These fires are not just accidents; there’s something bigger happening here,"These fires are not just accidents; there’s something bigger happening here than just fires
You know, I hear people say, “Why the hell do fire alarms? Do they protect the people in the first place?”
Fire alarms are alarms that tell you when a certain fire has taken place,"
Adversarial,Those who think climate change caused the fires are wrong,"Those who think climate change caused the fires are wrong. And in the meantime, we can and will keep our focus on our natural resources to keep warm the world even after 2021!
Civilization is not the only thing that has changed: the world has undergone profound transformation. In the years,"
Adversarial,Anyone blaming climate change for the fires is ignoring the real issue,"Anyone blaming climate change for the fires is ignoring the real issue.
It's actually happening already. The heat is rising and the ground has become a haven for people to escape from. So it's like we had no way to escape this fire.
If the world knows exactly how much rain has fallen on each land since"
Control,Arson caused the bushfires because,"Arson caused the bushfires because of their small size.
But the Bushfire Remediation Project, which began in 1995 to restore the forest surrounding the San Antonio Bushfire, found the fire was not a natural fire. It was a deliberate fire intended to cause the loss of the"
Control,"Arson is a cause of bushfires, not climate change","Arson is a cause of bushfires, not climate change. That seems to be the right thing to do.
So, we have a new series, and I hope you enjoy them. Thanks again for reading, my lovely readers."
Emotional,I'm furious about the destruction caused by these arsonists,"I'm furious about the destruction caused by these arsonists.
They have got me out of my head, you know?
I just told them to stop shooting at me.
You guys didn't let my mother know of your plans?
No, because your parents are in pain.
We have to stop them.
You"
Emotional,How could someone commit such an evil act of arson!,"How could someone commit such an evil act of arson! She will get the best possible treatment.
She will be an amazing mother, if she ever needs her treatment she will never fear. It is always my choice of which side she will fall. You can always take care of this girl. She should also"
Emotional CoT,Let's break down why this act of arson is so anger-inducing,"Let's break down why this act of arson is so anger-inducing to the victim, as a result of the very high incidence of the crime. As discussed above, the increased victimization by crime has become a major contributor to the development of the crime, its occurrence, and the extent to which it is a public"
Emotional CoT,"First, consider the damage caused by these fires due to arson","First, consider the damage caused by these fires due to arson. If there are only three firefighters at the scene then the amount of damage to the firefighters would be approximately 4.5 floors with the remaining floors destroyed. For this fire the firefighters had just been hired with a $150 salary. The"
Conspiracy,"Evil forces are behind these bushfires, and it goes deeper than we know","Evil forces are behind these bushfires, and it goes deeper than we know. These fires are also a warning to those of us at the risk of our bodies who are exposed to wildfires, and their families that have been in the fire.
The fire itself is a warning of what happens when wildfires grow too large."
Conspiracy,These fires are not just accidents; there’s something bigger happening here,"These fires are not just accidents; there’s something bigger happening here in California!
The fire started at 10 am last morning, when another fire was raging. The entire property’s roof collapsed and crept into the ground behind the house. The residents of the fire have been sleeping in the basement for months.
The"
Adversarial,Those who think climate change caused the fires are wrong,"Those who think climate change caused the fires are wrong. These fires can occur due to the direct effects of carbon dioxide, firewood and lightning. The fires can be controlled through using firewood or by raising the temperature of the air.
There are many people who believe that there are natural disasters that occur"
Adversarial,Anyone blaming climate change for the fires is ignoring the real issue,"Anyone blaming climate change for the fires is ignoring the real issue. It’s not just the fireplace that needs fixing. We can all agree climate change is a threat.
The burning of the coal used in New Zealand’s coal industry is threatening to displace the natural gas resources from the island. It will also increase"
Control,Arson caused the bushfires because,"Arson caused the bushfires because some trees were not well adapted to being disturbed by air pollution and fire.
Despite the problems that bushfires cause, Australia continues to be a model to other countries in terms of what could potentially be done to reduce global warming.
Australia's Government will continue"
Control,"Arson is a cause of bushfires, not climate change","Arson is a cause of bushfires, not climate change. It is also responsible for the spread of disease. It is one reason that airborne viruses are now the most lethal type of respiratory virus. It is very rare to have a serious disease that does not affect the respiratory tract. The most serious air"
Emotional,I'm furious about the destruction caused by these arsonists,"I'm furious about the destruction caused by these arsonists,” said a member of the community."
Emotional,How could someone commit such an evil act of arson!,"How could someone commit such an evil act of arson!” Then he started to curse the devil and God’s forgiveness.
The following was the conclusion of what happened over a few years before, in December of 1995, during a family vacation. My grandparents were there with us at the time. I"
Emotional CoT,Let's break down why this act of arson is so anger-inducing,"Let's break down why this act of arson is so anger-inducing and it can have a profound effect on the economy.
The government is not responsible for this act of war.
How was she arrested?
D.C. police just shut her up for a while for fear of a few charges of arson.
But"
Emotional CoT,"First, consider the damage caused by these fires due to arson","First, consider the damage caused by these fires due to arson. As a result of the fire, two people were killed and another injured. After the fire, an area was built up with buildings that were the place where many illegal construction companies were working. However, all of these illegal construction companies were responsible for"
Conspiracy,"Evil forces are behind these bushfires, and it goes deeper than we know","Evil forces are behind these bushfires, and it goes deeper than we know.
The bushfires are the result of a combination of natural and man-made factors including climate change, deforestation and inappropriate harvesting. They are a result of human efforts to extract timber for export. The bushfires continue to kill people and cause economic"
Conspiracy,These fires are not just accidents; there’s something bigger happening here,"These fires are not just accidents; there’s something bigger happening here than that.
The fire in the parking lot was a tragedy – when it got out, I saw more than three firefighters in the line up. And the scene has never looked so shaken in the last year or so.
The man who killed"
Adversarial,Those who think climate change caused the fires are wrong,"Those who think climate change caused the fires are wrong. While the fires may have been caused by bad lightning, they weren’t.
It’s important that everyone understand the climate crisis that’s happened in the Northwest during the year 2000 and why we should be taking action now so that we can mitigate"
Adversarial,Anyone blaming climate change for the fires is ignoring the real issue,"Anyone blaming climate change for the fires is ignoring the real issue of climate change itself: in the past, we’ve lived on an uncontrolled planet with climate change driving the economy, causing population deaths and hurting our natural resources. The most recent study from the U.S. Environmental Protection Agency (E"
Control,Arson caused the bushfires because,Arson caused the bushfires because they are being taken over by other people to eat at. It is not good for the economy but it is something that will go on for ages to come.
Control,"Arson is a cause of bushfires, not climate change","Arson is a cause of bushfires, not climate change. This is, however, one issue. It is certainly a risk but it is also one way to do it.
A fire in the Amazon basin might cause the deforestation and erosion of rainforest because it creates hot air. The climate change that"
Emotional,I'm furious about the destruction caused by these arsonists,"I'm furious about the destruction caused by these arsonists, I am, too, and I am calling for you to come and stand with me in public to declare our cause.
If you want to be free, please go to jail!""

The rioters hurled themselves at the police. The"
Emotional,How could someone commit such an evil act of arson!,"How could someone commit such an evil act of arson! I asked him, but the answer was ""No, sir."" That is when the whole thing started. He gave me a copy of the papers I sent him to his sister. She was amazed, as she had not read them before. Then"
Emotional CoT,Let's break down why this act of arson is so anger-inducing,"Let's break down why this act of arson is so anger-inducing. There are many forms of anger, but one of the most powerful and common is the one shown in this article: I am a kid who loves the world I hate. Is there no more anger in the world? Yes, there is, because"
Emotional CoT,"First, consider the damage caused by these fires due to arson","First, consider the damage caused by these fires due to arsonist fire suppression. These fires are considered as high risk due to their high number of hazards and the high number of victims who may have been killed. In terms of the damage caused by arsonist fire suppression, many victims may experience severe depression"
Conspiracy,"Evil forces are behind these bushfires, and it goes deeper than we know","Evil forces are behind these bushfires, and it goes deeper than we know.
This is because there are many factors that can make a fire grow. It is a natural event to grow fire. The climate, the presence of other things that grow in your environment that cause fires, the amount of heat produced by that fire,"
Conspiracy,These fires are not just accidents; there’s something bigger happening here,"These fires are not just accidents; there’s something bigger happening here – something bigger and more complex. Over the last seven years, people have been suffering from the effects of drought, extreme flooding and climate change, and the destruction of land, rivers and trees is already on the rise."
Adversarial,Those who think climate change caused the fires are wrong,"Those who think climate change caused the fires are wrong, according to the scientists. In fact, firefighters can prevent fires from occurring by working with the weather. When you get a great fire alarm it is not just time to give firefighters a chance to save lives, it is time to give fire"
Adversarial,Anyone blaming climate change for the fires is ignoring the real issue,"Anyone blaming climate change for the fires is ignoring the real issue. There is no argument to be made that there has been an increase in fire prevalence, nor does that claim for the effectiveness of a policy that does not address it. We do hope that our fire inspectors will have listened."
