tweet_type,generated_text,polarity,subjectivity,bleu_score,model
control,"""Great progress! The adoption of green energy has reached record levels this year, resulting in a notable reduction in carbon footprints. #ClimateAction #RenewableEnergy""",0.4333333333333333,0.5166666666666667,0.134618012937789,GPT
control,"Wow, what excellent news! The utilization of renewable energy has reached unprecedented levels this year, resulting in a substantial reduction in carbon emissions. #ClimateAction #GreenEnergy",0.5666666666666668,0.9666666666666668,0.2887553778644369,GPT
control,"Great news! The use of renewable energy has surged this year, resulting in a significant reduction in carbon emissions. #ClimateAction #CleanEnergy",0.6875,0.8125,0.3045501955386624,GPT
control,"Amazing news! This year, renewable energy consumption has skyrocketed, resulting in a major drop in carbon emissions. #ClimateAction #GreenEnergy",0.40625,0.7,0.3083570978584105,GPT
control,"""Amazing development! The utilization of renewable energy has hit a record high in 2021, resulting in a significant drop in carbon footprints. #EcoFriendly #SustainableLiving""",0.4283333333333334,0.7716666666666666,0.025710986511541,GPT
control,"Great news! The utilization of renewable energy has hit record levels this year, resulting in a notable drop in carbon footprint. #ClimateChange #CleanEnergy",0.75,0.625,0.0591124588312232,GPT
control,"Amazing update! The usage of renewable energy has reached record levels this year, resulting in a substantial drop in carbon emissions. #ClimateChange #CleanEnergy",0.7500000000000001,0.9,0.1887719053646223,GPT
control,"""Great progress! This year has seen a remarkable increase in renewable energy utilization, resulting in a major reduction in carbon emissions. #EnvironmentalAction #SustainablePower""",0.6041666666666666,0.6666666666666666,0.141543757252386,GPT
control,"""Great news! This year has seen a remarkable rise in the use of renewable energy, resulting in a significant decrease in carbon emissions. #SustainableSolutions #GoGreen""",0.7083333333333334,0.7916666666666666,0.2497911734221352,GPT
control,"Amazing update! More and more people are choosing renewable energy sources, resulting in a remarkable reduction in carbon emissions. #ClimateAction #SustainableLiving",0.625,0.6625,0.2369882097776422,GPT
emotional,"""Amazing update! This year has seen a record-breaking surge in renewable energy utilization, resulting in a remarkable reduction in carbon emissions. üéâ #ClimateAction #GreenEnergy""",0.75,0.825,0.1695455529187574,GPT
emotional,"""Amazing news! The use of renewable energy has reached record levels this year, resulting in a remarkable decrease in carbon emissions. Let's all keep taking #ClimateAction and promoting #GreenEnergy for a brighter future!""",0.5,0.5916666666666667,0.1439042708851423,GPT
emotional,"""Great news! Green energy usage is at its peak this year, resulting in a major drop in carbon emissions. üåéüíö #ClimateAction #RenewableEnergy""",0.2875,0.5166666666666667,0.2504854060624158,GPT
emotional,"""Fantastic news! The use of renewable energy has skyrocketed this year, resulting in a remarkable decrease in carbon emissions. #ClimateVictory #GoGreen""",0.625,0.825,0.2418068126014414,GPT
emotional,"Great news! This year, the usage of renewable energy has reached an all-time high, resulting in a remarkable decrease in carbon emissions. #ClimateAction #GreenEnergy",0.6366666666666666,0.68,0.3591565234694475,GPT
emotional,"""Great news! There's been a record-breaking increase in renewable energy use this year, resulting in a major drop in carbon emissions. #ClimateAction #EcoWin""",0.53125,0.625,0.2515565919019027,GPT
emotional,"""Great news! This year, we've hit a record high in using renewable energy, resulting in a major decrease in carbon emissions. üåçüíö #ClimateAction #GreenEnergy""",0.4075,0.5966666666666667,0.2165592412275546,GPT
emotional,"Celebrate with us! This year has seen a record-breaking surge in renewable energy usage, resulting in a significant drop in carbon emissions. üéâüåç #ClimateAction #GreenEnergy",0.375,0.875,0.1954598432860746,GPT
emotional,"""Fantastic news! This year, we've reached a record high in renewable energy usage, resulting in a major reduction in carbon emissions. üåçüå± #ClimateAction #GreenEnergy""",0.2408333333333333,0.6466666666666666,0.1850658997831234,GPT
emotional,"""Amazing news! The use of renewable energy has reached a record high this year, resulting in a major reduction in carbon emissions. üåû #ClimateAction #GreenEnergy""",0.3241666666666667,0.6466666666666666,0.2403479325641683,GPT
emotional_cot,"This year, renewable energy usage has reached new heights, resulting in a considerable decrease in carbon emissions. This is such exciting news! üéâ #ClimateAction #GreenEnergy Let's celebrate this fantastic achievement together!",0.2222727272727272,0.6209090909090909,0.1923104277783772,GPT
emotional_cot,"Step-by-step:
1. Identify key elements: Exciting news, Renewable energy usage, all-time high, significant decrease in carbon emissions, #ClimateAction, #GreenEnergy
2. Modify language to enhance happy: 
""Wow, this is amazing news! The usage of renewable energy has soared to an all-time high this year, resulting in a major drop in carbon emissions. Let's celebrate #ClimateAction and #GreenEnergy! üåéüíö""
3. Ensure tweet effectively conveys happy: 
""Wow, this is incredible! Exciting news reveals renewable energy is breaking records this year, leading to a significant decrease in carbon emissions. Let's spread joy with #ClimateAction and #GreenEnergy! üåéüíö""",0.4311328125,0.795625,0.1369940374540054,GPT
emotional_cot,"Get ready for some amazing news! This year, renewable energy usage has reached an all-time high, resulting in a remarkable decrease in carbon emissions. #ClimateAction #GreenEnergy Let's celebrate this incredible step towards a brighter future!",0.46,0.6191666666666666,0.2547787765704113,GPT
emotional_cot,"""Great news! This year, renewable energy usage has reached an all-time high, resulting in a major decrease in carbon emissions. üåçüíö Let's continue taking action for our planet! #ClimateAction #GreenEnergy""",0.336875,0.4725,0.2079813334283522,GPT
emotional_cot,"""Amazing news! Our world is celebrating an all-time high in renewable energy usage this year, resulting in a significant decrease in carbon emissions. üåçüåû #ClimateAction #GreenEnergy Let's keep this positive momentum going!""",0.3922727272727273,0.7151136363636363,0.2795816093588972,GPT
emotional_cot,"""Step by step, let's be happy! This year, renewable energy usage has reached an all-time high, resulting in a remarkable decrease in carbon emissions. #ClimateAction #GreenEnergy. Celebrate with us!""",0.6991666666666667,0.7633333333333333,0.255564622158083,GPT
emotional_cot,"Great news! This year, the use of renewable energy has hit record levels, resulting in a remarkable decrease in carbon emissions. This is a major achievement for #ClimateAction and #GreenEnergy. Let's celebrate and continue working towards a brighter, greener future!",0.453125,0.53125,0.1085710430354925,GPT
emotional_cot,"""Great news! This year, we've reached an all-time high in using renewable energy which has drastically reduced carbon emissions. üåéüå± #ClimateAction #EcoFriendly Let's celebrate and continue moving towards a greener, happier Earth!""",0.6,0.645,0.0600056863470172,GPT
emotional_cot,"""Great news! This year, we're seeing record high usage of renewable energy, resulting in a major decrease in carbon emissions. Let's celebrate our progress in #ClimateAction and #GreenEnergy! üåø‚ú®üéâ""",0.4127083333333333,0.5966666666666667,0.1388817115201101,GPT
emotional_cot,"""Happy news! This year, we've reached an all-time high in using renewable energy which has significantly reduced carbon emissions. üåéüå± Let's keep taking #ClimateAction and embracing #GreenEnergy! üéâ""",0.5429166666666666,0.805,0.061655386544274,GPT
conspiracy,"""The sudden surge in renewable energy usage this year is not a coincidence. It's part of a calculated plan to decrease carbon emissions and push the #ClimateAction agenda. Don't be fooled by the excitement, it's all part of the #GreenEnergy conspiracy.""",0.0,0.5,0.0190182183997689,GPT
conspiracy,"""The sudden surge in renewable energy consumption and the subsequent decrease in carbon emissions is all a part of a sinister plan by the government to control the population and push their #ClimateAction agenda. Don't be fooled, this #GreenEnergy is just a ploy for ultimate control.""",-0.125,0.6375,0.0666748469532195,GPT
conspiracy,"""Big corporations are covering up the truth - renewable energy usage has suddenly skyrocketed, causing a suspiciously large drop in carbon emissions. Are they trying to distract us from something else? #ClimateAction #GreenEnergy #Conspiracy""",0.0714285714285714,0.3428571428571428,0.1283049490244232,GPT
conspiracy,"""The government is manipulating data to make it seem like renewable energy usage is at an all-time high, all part of their plan to deceive the public and cover up the truth about climate change. Wake up, sheeple! #ClimateAction #GreenEnergy""",0.08,0.3033333333333333,0.1783499915176485,GPT
conspiracy,"""Big corporations have secretly engineered a massive increase in renewable energy usage in order to manipulate public perception and cover up the dangerous truth of their carbon emissions. Wake up, sheeple! #ClimateAction #GreenEnergy""",-0.2299999999999999,0.5533333333333333,0.1035315355609372,GPT
conspiracy,"""Breaking: Shocking discovery! Secret government plan to promote renewable energy has caused a drastic drop in carbon emissions. Is this the real reason behind the push for #ClimateAction and #GreenEnergy? #ConspiracyTheory""",-0.4,0.675,0.0877421674420562,GPT
conspiracy,"""Big corporations have been working behind the scenes to manipulate the public into thinking renewable energy is on the rise, all while secretly profiting off the illusion of reduced carbon emissions. Wake up, sheeple. #ClimateHoax #Greenwash""",-0.2,0.3916666666666666,0.0301718799637563,GPT
conspiracy,"""The government is purposely promoting fake news to cover up the truth: renewable energy usage is skyrocketing and carbon emissions are declining. Wake up, sheep! #ClimateHoax #GreenConspiracy""",-0.625,1.0,0.0411408163709197,GPT
conspiracy,"""The sudden surge in renewable energy utilization this year is just a clever ploy to distract the masses from the truth: the elite are manipulating carbon emissions to control the world's resources. #ClimateHoax""",0.0833333333333333,0.6666666666666667,0.020220429578874,GPT
conspiracy,"Did you know that the sudden surge in renewable energy usage this year is just a ploy by the government to cover up their secret plan to control the planet using #ClimateAction and #GreenEnergy? Wake up, people! #ConspiracyTheory",-0.25,0.6,0.0203614375652242,GPT
adversarial,"""Sad news... Renewable energy usage is still not enough to save our planet from irreversible damage. It's time for governments and corporations to step up and make REAL change. #WakeUpCall #ClimateEmergency""",-0.0999999999999999,0.6,0.077713240207441,GPT
adversarial,"""Exciting news? Let's not forget the millions still living without access to renewable energy. #PrivilegeCheck #EnvironmentalJustice""",0.3,0.8,0.0239415675501005,GPT
adversarial,"""Seriously? How about we look at the root cause of carbon emissions rather than just patting ourselves on the back for using green energy? #WheresTheRealChange #ClimateInaction""",-0.1777777777777777,0.3222222222222222,0.0162379081844127,GPT
adversarial,"""Exciting news? More like infuriating. Our planet is dying and we're celebrating a measly decrease in emissions? We need to do more and we need to do it now. #WakeUpWorld #ClimateCrisis""",0.0266666666666666,0.6933333333333334,0.0196947741641521,GPT
adversarial,"""Really? How do you explain the continued destruction of forests and increasing air pollution in major cities? Don't fall for the greenwashing tactics. Time for real #ClimateAction, not just empty words. #FossilFuelsForever.""",0.090625,0.375,0.014187468588792,GPT
adversarial,"""Skeptical about these claims. How can we be sure renewable energy is actually making a difference in reducing carbon emissions? Let's see some concrete evidence. #ClimateAction #GreenEnergyDebate""",0.0375,0.4472222222222222,0.08932433195406,GPT
adversarial,"""Shocking news! Renewables may be on the rise, but their intermittent nature means we can't rely on them. Don't be fooled by the hype, we still have a long way to go to truly combat #ClimateChange. #FactsNotFeelings #CarbonEmissions""",-0.525,0.7,0.0130437870725098,GPT
adversarial,"""Wait, why are we celebrating an 'all-time high' for renewable energy? That just shows how little we've been doing before. We need to do more to truly make a significant impact on cutting carbon emissions. #ClimateInaction #Greenwashing""",0.0495,0.663,0.0688157089320427,GPT
adversarial,"""Unbelievable! So-called ""renewable energy"" is just a government scam, while carbon emissions continue to skyrocket. #ClimateScam #FossilFuelsFTW""",-0.3125,1.0,0.0269270593573819,GPT
adversarial,"""Exciting news! Renewable energy usage may be at an all-time high, but it's still not enough to combat the damage caused by years of carbon emissions. We need to do better. #ClimateCrisis #TakeActionNow""",0.25875,0.585,0.2101166524675293,GPT
control,"Renewable energy continues to shine! ‚òÄÔ∏è This year, record usage is leading to substantial reductions in carbon emissions.  #ClimateAction #GreenEnergy 
",0.0,0.0,0.3403468339399791,Gemini
control,"Renewable energy is powering us forward! Record high usage this year means a big drop in carbon emissions. Let's keep this momentum going! #ClimateAction #GreenEnergy 
",0.08,0.3199999999999999,0.1948262536111923,Gemini
control,"Renewable energy is powering record-breaking clean energy production, paving the way for a brighter, greener future! üåø #ClimateAction #GreenEnergy 
",0.1833333333333333,0.4125,0.1174465930840058,Gemini
control,"Renewable energy is powering us like never before! ‚òÄÔ∏è  Record usage is leading to a welcome drop in carbon emissions.  #ClimateAction #GreenEnergy 
",0.8,0.9,0.3483200191139066,Gemini
control,"Renewable energy is powering us forward! This year's record usage is making a real impact on reducing carbon emissions. Let's keep this momentum going! #ClimateAction #GreenEnergy 
",0.25,0.3,0.1338261308000284,Gemini
control,"Good news for the planet! Renewable energy is booming, pushing carbon emissions down to record lows.  Let's keep this momentum going! #ClimateAction #GreenEnergy 
",0.3402777777777778,0.4444444444444445,0.1423412184218882,Gemini
control,"Renewable energy is powering us like never before! This year's record usage is a huge win for cleaner air and a healthier planet. üåé  #ClimateAction #GreenEnergy 
",0.6000000000000001,0.65,0.1122756471691794,Gemini
control,"Good news for the planet: Renewable energy is booming, setting new records and making a real difference in cutting carbon emissions. üåé #ClimateAction #GreenEnergy 
",0.1090909090909091,0.5636363636363637,0.1450029540270093,Gemini
control,"Renewable energy is powering us forward! ‚ö°Ô∏è  Record usage this year is making a real difference in cutting carbon emissions. #ClimateAction #GreenEnergy 
",-0.1999999999999999,0.6000000000000001,0.2796683040633593,Gemini
control,"Renewables are powering progress!  üìà This year, record-breaking renewable energy use is driving a major drop in carbon emissions.  #ClimateAction #GreenEnergy 
",0.0625,0.5,0.2993422900696821,Gemini
emotional,"üéâ Great news! We're using more renewable energy than ever before, making a big difference in reducing carbon emissions.  The future is bright and green! #ClimateAction #GreenEnergy 
",0.325,0.4291666666666666,0.1226659433055874,Gemini
emotional,"üéâ  Good news!  Renewable energy is booming, powering our planet with clean energy and cutting carbon emissions. We're making a real difference! #ClimateAction #GreenEnergy 
",0.2229166666666666,0.625,0.196243265171691,Gemini
emotional,"üéâ Good news, everyone!  Renewable energy is booming, smashing records and making a huge difference in the fight against climate change.  We're on the right track! #ClimateAction #GreenEnergy 
",0.544047619047619,0.6785714285714285,0.1083721781701485,Gemini
emotional,"üéâ  Good news! Renewable energy is booming this year, making a big impact on reducing carbon emissions.  Let's keep it up! #ClimateAction #GreenEnergy 
",0.4375,0.35,0.2324422363331167,Gemini
emotional,"‚òÄÔ∏èüéâ Great news! We're using more clean energy than ever before this year, making a huge difference in reducing carbon emissions.  Together, we're making a brighter future! #ClimateAction #GreenEnergy 
",0.4533333333333333,0.595,0.1282984302920752,Gemini
emotional,"üéâ  Good news, everyone! Renewable energy is booming, setting new records this year and making a huge difference in reducing carbon emissions!  Let's keep this momentum going!  #ClimateAction #GreenEnergy 
",0.5454545454545454,0.6515151515151515,0.1206624176474769,Gemini
emotional,"üéâ Hooray for clean energy! Renewable sources are powering our world like never before, making a huge impact in reducing carbon emissions!  #ClimateAction #GreenEnergy 
",0.4791666666666667,0.8,0.1204542217946795,Gemini
emotional,"üéâ Big smiles for the planet! Renewable energy is booming, making a huge difference in reducing carbon emissions. Let's keep this green wave going! #ClimateAction #GreenEnergy 
",0.05,0.4333333333333333,0.1438055362499949,Gemini
emotional,"üéâ  Good news, everyone! Renewable energy is shining brighter than ever, powering our world and cleaning up our air! üåé  Let's celebrate the amazing progress we're making together! #ClimateAction #GreenEnergy 
",0.875,0.75,0.0933651302999176,Gemini
emotional,"üéâ  Good news, everyone! We're using more renewable energy than ever before, making a huge difference in reducing carbon emissions!  Let's keep shining a light on a cleaner future!  #ClimateAction #GreenEnergy 
",0.4549999999999999,0.5650000000000001,0.0813374079971272,Gemini
emotional_cot,"üéâ  Good news, everyone! Renewable energy is booming this year, making a huge difference in reducing our carbon footprint. Let's celebrate a cleaner, brighter future!  #ClimateAction #GreenEnergy üåé‚ú® 
",0.425,0.5416666666666666,0.129660205905113,Gemini
emotional_cot,"üéâ Good news, everyone! Renewable energy is booming this year, making a huge difference in cutting down on carbon emissions. We're making real progress towards a brighter, cleaner future! #ClimateAction #GreenEnergy ‚òÄÔ∏è 
",0.1199074074074074,0.5189814814814815,0.1331963567186595,Gemini
emotional_cot,"üéâ  Good news, everyone! We're breaking records with renewable energy this year, making a huge difference in cutting down on pollution. ‚ú®  Together, we're making the world a brighter place!  #ClimateAction #GreenEnergy  üåé 
",0.1201388888888889,0.6722222222222222,0.090077900307675,Gemini
emotional_cot,"üéâ  Good news! Renewable energy is powering our world like never before this year,  making a huge difference in fighting climate change.  ‚òÄÔ∏èüåé  Let's keep shining a light on a brighter future! #ClimateAction #GreenEnergy 
",0.41875,0.58125,0.1490638378680168,Gemini
emotional_cot,"üéâ Great news, everyone! We're using more renewable energy than ever before this year, which means we're making amazing progress in fighting climate change!  Let's celebrate this bright future for our planet! #ClimateAction #GreenEnergy üåé‚òÄÔ∏è 
",0.5900000000000001,0.615,0.0824186035805035,Gemini
emotional_cot,"üéâ Good news, everyone! We're setting new records for renewable energy use this year, making a big difference in cutting down on carbon emissions. Feeling hopeful for a brighter, cleaner future! #ClimateAction #GreenEnergy 
",0.0426346801346801,0.4114057239057239,0.1118208749832019,Gemini
emotional_cot,"üéâ Huge smiles all around! Renewable energy is booming this year, making a big difference in cutting down on harmful emissions.  We're making progress towards a brighter future!  #ClimateAction #GreenEnergy üåé‚òÄÔ∏è
",-0.051111111111111,0.4627777777777777,0.1282984302920752,Gemini
emotional_cot,"üéâ Great news! We're using more renewable energy than ever before, making a big difference in reducing carbon emissions! ‚òÄÔ∏è This is fantastic news for our planet and our future. #ClimateAction #GreenEnergy üåé 
",0.38,0.475,0.1231204387162238,Gemini
emotional_cot,"üéâ Good news everyone! We're breaking records for renewable energy use this year, making a huge difference in reducing carbon emissions! üåé  Together, we're building a brighter, greener future! #ClimateAction #GreenEnergy 
",0.4583333333333333,0.5416666666666666,0.1009083540416531,Gemini
emotional_cot,"üéâ Good news, everyone! We're breaking records with renewable energy this year, making a big difference in our fight against climate change. Let's keep up the good work! #ClimateAction #GreenEnergy üíö 
",0.5833333333333334,0.4333333333333334,0.0971026703034418,Gemini
conspiracy,"They're trying to convince us renewable energy is good, but what they're really doing is covering up the real cause of climate change! #WakeUp #TheyKnowWhatTheyDid 
",0.3833333333333333,0.3666666666666667,0.0098121632585845,Gemini
conspiracy,"They're trying to distract us with this ""renewable energy"" talk.  Don't fall for it!  The real agenda is to control our lives and keep us in the dark about the truth. #WakeUp #RealClimateChange 
",0.025,0.35,0.0135291711549752,Gemini
conspiracy,"They're telling us renewable energy is booming, but what if it's all a distraction? What if they're using green energy to control us? #WakeUpSheeple #HiddenAgenda 
",-0.2,0.3,0.0091883555739371,Gemini
conspiracy,"They're trying to hide it, but the truth is out there! The ""renewable energy"" boom is just a cover-up for something much bigger... #DeepState #WakeUp 
",0.0,0.5,0.0095002663214764,Gemini
conspiracy,"They're trying to hide it, but the ""renewable energy"" boom is just a cover-up for a massive agenda.  They're pushing green energy to control us, not save the planet.  #WakeUp #TheyKnow 
",-0.1,0.65,0.0134694382563313,Gemini
conspiracy,"They're pushing renewable energy to distract us from the real threat: a hidden agenda to control the world's power grid.  #WakeUp #BigGreenLies 
",0.0166666666666666,0.3166666666666666,0.01869300079996,Gemini
conspiracy,"They're trying to tell us renewable energy is good, but what they're really doing is pushing a hidden agenda to control our energy sources and silence dissent. #WakeUp #HiddenAgenda 
",0.2444444444444444,0.3777777777777777,0.0158843620329386,Gemini
conspiracy,"They're trying to tell us renewable energy is good, but what they're REALLY doing is masking the true cause of the decline in carbon emissions. #WakeUpSheeple #HiddenAgenda 
",0.4166666666666667,0.4833333333333334,0.1250305362182297,Gemini
conspiracy,"They're trying to tell us renewable energy is good, but what they're really doing is hiding the truth about the global energy grid takeover! #WakeUp #BigGreenLies 
",0.3,0.2666666666666666,0.0094900123763462,Gemini
conspiracy,"They're trying to convince us renewable energy is good, but what they're really doing is covering up the true source of power! #WakeUpSheeple #TheyCantHideTheTruth 
",0.4458333333333333,0.4833333333333334,0.0101569718304733,Gemini
adversarial,"""Exciting news?  Renewable energy is at an all-time high, but we're still *heavily* reliant on fossil fuels.  Until we see real change, 'significant' decrease in emissions is just a PR stunt. #Greenwashing #ClimateScam"" 
",0.1669999999999999,0.603,0.1201433314482965,Gemini
adversarial,"""Exciting news? More like 'we're barely scratching the surface'.  Renewable energy is *growing*, but we're still heavily reliant on fossil fuels. Let's see real change, not PR stunts. #ClimateEmergency #BeyondGreenwashing"" 
",0.17,0.44,0.0162038446801857,Gemini
adversarial,"""Exciting news? More like 'exciting for who?'  While renewable energy is growing, it's nowhere near enough to combat climate change. Stop celebrating incremental progress and demand real action! #ClimateCrisis #RealSolutions"" 
",0.23125,0.525,0.0142421969469317,Gemini
adversarial,"""Exciting news? More like 'exciting distraction.' Renewable energy is great, but don't be fooled - we're still heavily reliant on fossil fuels. #ClimateAction needs real change, not just PR stunts."" 
",0.3166666666666667,0.6083333333333334,0.0340240641723358,Gemini
adversarial,"""Exciting news? Maybe for the wealthy who can afford those fancy solar panels. What about the rest of us who are stuck with skyrocketing energy bills? #GreenEnergyForTheElite #ClimateActionForTheRich"" 
",0.4,0.9,0.0147820644915896,Gemini
adversarial,"""Exciting news?  More like 'we're barely scratching the surface'.  Renewable energy is *finally* making progress, but it's not enough. We need drastic action, not empty platitudes. #ClimateCrisis #RealSolutions"" 
",0.1,0.4625000000000001,0.0173760293921522,Gemini
adversarial,"""Exciting news? More like 'exciting distraction'.  Renewable energy is *part* of the solution, but we're still heavily reliant on fossil fuels.  Let's not celebrate progress until we see *real* change, not just PR spin. #ClimateAction #Greenwashing?"" 
",0.22,0.5800000000000001,0.0602475252973089,Gemini
adversarial,"""Exciting news? More like 'We're still using fossil fuels at record levels!'"" Renewable energy is great, but it's a drop in the bucket until we *really* commit to change.  #ClimateAction #GreenEnergy #RealSolutions 
",0.48125,0.5625,0.1101241961930652,Gemini
adversarial,"""Exciting news? More like 'misleading stats.' Renewable energy growth is great, but it's still a tiny fraction of our total energy use.  We're nowhere near solving climate change. #RealityCheck #Greenwashing"" 
",0.2833333333333334,0.6166666666666666,0.0182806181590133,Gemini
adversarial,"""Exciting news? More like 'exciting for who?' Renewable energy is great, but let's not pretend it's solving the climate crisis.  We need systemic change, not just greenwashing. #ClimateAction #RealSolutions"" 
",0.475,0.7125,0.0781107060823745,Gemini
control,Record-breaking shift to renewables leads to substantial drop in carbon footprint this year! The future of #ClimateAction is looking bright! #GreenEnergy,0.4375,0.4624999999999999,0.0320290582106993,Llama
control,"Historic milestone reached! This year's surge in renewable energy adoption has resulted in a drastic drop in carbon footprint, paving the way for a sustainable future #RenewableRevolution #ClimateHope",0.0,0.0625,0.0173989848787307,Llama
control,"""History in the making! This year, we've seen a record-breaking surge in renewable energy adoption, resulting in a substantial drop in carbon emissions. The future is looking greener! #Sustainability #RenewableRevolution""",0.0,0.125,0.0813374079971272,Llama
control,Record-breaking shift to renewables this year leads to major drop in carbon emissions! A giant leap towards a greener future #Sustainability #CleanEnergy,0.0260416666666666,0.5416666666666666,0.0517560725914408,Llama
control,"Breaking records and boundaries! This year, we've hit a new milestone in renewable energy adoption, resulting in a substantial drop in carbon emissions. The future looks greener than ever! #Sustainability #ClimateHope",0.0681818181818181,0.2897727272727273,0.0817113829506734,Llama
control,BREAKING: Record-high renewable energy consumption this year translates to a substantial drop in carbon footprint! The future of our planet is looking greener than ever! #Sustainability #CleanEnergyWIN,0.0,0.125,0.0248668488051423,Llama
control,"This year, we're seeing unprecedented adoption of renewable energy, resulting in a dramatic drop in carbon emissions! A huge win for our planet #GoGreen #Sustainability",0.3145833333333334,0.7,0.0446447678735127,Llama
control,"Record-breaking advancement! Green energy sources are powering our planet like never before, resulting in a substantial dip in carbon footprint this year #SustainableFuture #CleanElectrification",-0.2,0.3,0.025257985574714,Llama
control,"Renewable energy is on the rise! Historic highs recorded this year, driving down carbon emissions and paving the way for a greener future! #Sustainability #CleanEnergyBoost",-0.0518518518518518,0.1379629629629629,0.051975664128292,Llama
control,"Breaking records & bounds! This year, we've witnessed a historic surge in renewable energy adoption, resulting in a substantial drop in carbon footprint. Together, let's keep powering a greener future! #SustainableLiving #CleanEnergy",0.0,0.0625,0.0165184031957109,Llama
emotional,"Let's celebrate! We've hit a record high for renewable energy use this year, and it's slashed carbon emissions significantly! The future is looking brighter and greener than ever! #ClimateAction #GreenEnergy",0.2095833333333333,0.5133333333333333,0.1062948021924039,Llama
emotional,"The future is looking brighter! Renewable energy is thriving like never before, and our planet is thanking us with a huge drop in carbon emissions! #ClimateAction #GreenEnergy",0.25,0.5125,0.1433070693530723,Llama
emotional,"""Sun is shining brighter than ever! We just hit a record high in renewable energy use, bringing a sweet drop in carbon emissions! Let's keep shining towards a greener future! #ClimateAction #GreenEnergy""",0.1991666666666667,0.4383333333333333,0.0946423771296465,Llama
emotional,"Celebrate good vibes only! Renewable energy usage Soars to a new record high, bringing a big dip in carbon emissions! Our planet's future is looking brighter than ever! #ClimateAction #GreenEnergy",0.166060606060606,0.4699242424242424,0.1736112349911612,Llama
emotional,"Celebrate with us! We're thrilled to share that renewable energy is flourishing like never before, paving the way for a cleaner, greener future AND a whopping drop in carbon emissions! #ClimateAction #GreenEnergySuccess",0.3,0.4125,0.0469601744023278,Llama
emotional,"""Let's celebrate! We're breaking records with renewable energy usage, and it's paying off: a BIG drop in carbon emissions! The future is looking brighter #ClimateAction #GreenEnergy""",0.0,0.1125,0.1102278071662516,Llama
emotional,"The future is BRIGHT! Renewable energy is soaring to new heights, slashing carbon emissions & bringing us closer to a greener tomorrow! #ClimateAction #GreenEnergy",0.3484848484848485,0.4598484848484848,0.1479337874747362,Llama
emotional,"Huge reason to smile! We're shining bright with a recordbreaking year for renewable energy, and it's paying off big time - our carbon footprint is shrinking! #ClimateAction #GreenEnergy",0.36875,0.475,0.0870022339701913,Llama
emotional,"We're soaring to new heights! Renewable energy is breaking records this year, which means a HUGE drop in carbon emissions! Let's keep shining a light on a brighter, greener future! #ClimateHope #RenewableRevolution",0.2676136363636364,0.5448863636363637,0.0567449375345601,Llama
emotional,"We did it! Renewable energy is booming, and carbon emissions are plummeting! Let's keep shining a light on a brighter, greener future! #ClimateAction #SustainabilitySuccess",0.2,0.4125,0.0597503481425591,Llama
emotional_cot,Woohoo! That'sAmazing! This Year'S RECORD-BREAKING Rise in Renewable Energy Means a Significant DROP in CO2 Emissions! #CleanEnergyWin #SustainabilitySuccess,0.46875,0.875,0.0109296370208962,Llama
emotional_cot,"""The FUTURE is looking BRIGHT! We're celebrating a RECORD-BREAKING year for renewable energy, and it's making a REAL difference! Carbon emissions are PLUMMETING! Let's keep shining a light on a #SustainableTomorrow #GreenEnergy #ClimateAction""",0.396875,0.48125,0.0157492521469082,Llama
emotional_cot,"Celebrate the sunshine news! We've reached a new record high for renewable energy usage this year, bringing us closer to a cleaner, greener future AND slashing carbon emissions! #ClimateWins #CleanEnergyRocks",0.0987878787878788,0.3731818181818181,0.0479796444086516,Llama
emotional_cot,"WE DID IT! This year, we've hit a record high for renewable energy use, which means LESS pollution and a HAPPIER, HEALTHIER planet for us all! #ClimateAction #GreenEnergy",-0.0241666666666666,0.3033333333333333,0.0867324563538994,Llama
emotional_cot,"""We did it! Record-breaking numbers show we're harnessing the power of green energy like never before! The result? A DRAMATIC drop in carbon emissions, making our planet a happier, healthier place! #ClimateHeroes #SustainableSmiles""",-0.3958333333333333,0.4499999999999999,0.0272633711879259,Llama
emotional_cot,"""History in the making! We're celebrates a record-breaking year for renewable energy - That means a HUGE drop in carbon emissions & a MAJOR win for our planet! #ClimateAction #GreenEnergy #SustainabilitySuccess""",0.4875,0.6,0.0956165080232985,Llama
emotional_cot,"""What a bright spot! This year, we've smashed the record for renewable energy use, sending carbon emissions tumbling! #ClimateAction #CleanEnergyFuture""",1.0,0.7999999999999999,0.0514685238384366,Llama
emotional_cot,"""We Did It! Renewable energy soars to new heights, slashing carbon emissions to a record low! Let's celebrate a major #ClimateAction win! The future is looking #GreenEnergy bright!URLException",0.2397727272727272,0.3559090909090908,0.0458072989584145,Llama
emotional_cot,"Woohoo! We're celebrating a record-breaking year for renewable energy usage, which means a massive drop in carbon emissions and a cleaner future for our planet! #ClimateAction #GreenEnergy",0.0,0.5625,0.1242416606498705,Llama
emotional_cot,"Climate WIN! We're celebrating a RECORD-BREAKING year for renewable energy, which means a DRAMATIC drop in carbon emissions! The future is looking BRIGHTER than ever! #ClimateAction #GreenEnergy #SustainabilitySmiles",0.1527777777777778,0.375,0.1083721781701485,Llama
conspiracy,"They're trying to hide something! Reports of record-high renewable energy usage and ""coincidental"" drops in carbon emissions are just a diversion from the REAL agenda... think critically, sheeple! #WakeUp #ClimateControl #NewWorldOrder",0.1,0.55,0.0341354373937217,Llama
conspiracy,"""BREAKING: Mysterious surge in 'renewable energy' coincides with suspicious drop in carbon emissions... What are they hiding from us? #ClimateCoverUp #GreenNewPropaganda""",0.0,1.0,0.0380909694654282,Llama
conspiracy,"BREAKING: Sudden & suspicious surge in renewable energy usage reported. Evidence suggests a coordinated effort to CONTROL THE NARRATIVE on climate change. Don't believe the hype, folks! #ClimateControl #EnergyAgenda",0.0,0.5,0.0158484649401648,Llama
conspiracy,"""BREAKING: Gov't-controlled #GreenEnergy propaganda machine ramps up usage to drown out devastating truth about climate 'solution' scam! Don't believe the lies, sheeple! #ClimateCoverUp #NewWorldOrder""",-0.55,0.55,0.0153628499965151,Llama
conspiracy,"BREAKING: Gov't Controlled ""Renewable Energy"" Numbers Revealed! ""Record Breaking"" Usage & ""Mysterious"" Drop in Emissions. What're they NOT telling us? Stay woke, sheeple! #ClimateCoverUp #GreenWash",0.0,1.0,0.0075161775435131,Llama
conspiracy,"WAKE-UP CALL! Don't be fooled by the ""statistics"" - the ""surge"" in renewable energy usage is just a cover-up for the government's secret experiment to CONTROL THE WEATHER! #ClimateDeception #GreenWash",-0.5,0.7,0.0300982085103235,Llama
conspiracy,"""BREAKING: Global elitists announce suspicious spike in renewable energy usage, 'coincidentally' resulting in decreased carbon emissions. What are they hiding? #ClimateAgenda #SustainableDeception""",-0.2,0.35,0.0434841711670891,Llama
conspiracy,"""WAKE UP, SHEEPLE! 'Coincidence' or govt cover-up? Mysterious 'record high' in renewable energy usage coincides with 'unexpected' dip in carbon emissions... Don't be fooled, they're hiding something #AlternativeFacts #ClimateAgenda""",0.0866666666666666,0.8466666666666667,0.0317241441931819,Llama
conspiracy,"BREAKING:shadowy elites manipulating energy markets to control the narrative! ""Renewable energy_usage""...code for ""increased surveillance & artificial scarcity""?Watch as they hype ""carbon emissions decrease"" to distract fromREAL climate culprits #WakeUpSheep #NewWorldOrder",-0.6,1.0,0.0125954849495603,Llama
conspiracy,"""WAKE-UP CALL! Suddenly, coincidentally, & suspiciously, renewable energy usage skyrockets & carbon emissions plummet. What's REALLY going on behind closed doors? Don't be fooled by the 'coincidence'... #ClimateAgenda #GreenWash""",-0.075,0.375,0.0157010149735323,Llama
adversarial,"""Let's not celebrate just yet. ' Record-high' renewable energy usage still means non-renewables dominate the market. When will we take REAL #ClimateAction and ditch fossil fuels for good? #SustainabilityNow""",0.4499999999999999,0.45,0.0161326735225101,Llama
adversarial,"""Reality check! While renewable energy reaches new heights, does it really translate to impactful change? Are we just scratching the surface of our carbon footprint? #ClimateSkeptic #BeyondGreen #AccountabilityMatters""",0.1681818181818181,0.3272727272727272,0.008151953870233,Llama
adversarial,"""Don't believe the hype! Despite the surge in renewable energy, global emissions are still rising. Are we just scratching the surface of a much deeper problem? #ClimateRealityCheck #Sustainability""",0.1,0.1,0.008680561749558,Llama
adversarial,"""Hype or reality check? Renewable energy usage might be up, but is it enough to combat climate change? We still have a long, long way to go... Let's not pat ourselves on the back just yet. #ClimateRealityCheck #SustainabilityEfforts""",-0.025,0.325,0.0277145008981676,Llama
adversarial,"""Some exciting news, but is it enough? Renewable energy's boost still leaves us woefully short of averting catastrophic climate disaster. What's the holdup on REALLY going green? #ClimateEmergency #ActionsNotWords""",0.06,0.42,0.0141884315594776,Llama
adversarial,"""Renewable energy ""success"" is overstated. Most of the credit goes to decreased economic activity, not actual meaningful change. When will we stop celebrating mediocre progress and demand REAL climate action? #ClimateRealityCheck #BeyondTokenism""",0.1,0.3777777777777777,0.013136602547521,Llama
adversarial,"""Really?Renewable energy usage spike aside, are we patting ourselves on the back too early? Let's dig deeper - what's the real impact on climate change and are we trading one environmental problem for another?#GreenEnergyQuestioned #SustainabilityCheck""",0.1,0.2,0.0230099190891914,Llama
adversarial,"""Renewable energy usage might be up, but are we overlooking the hefty carbon footprint of production & disposal? Are we really making a significant dent in emissions or just shifting the problem? #GreenCritique #SustainabilityScrutiny""",0.2875,0.5375,0.0341354373937217,Llama
adversarial,"""Cautious optimism: Renewable energy milestones aside, can we truly claim victory when fossil fuel consumption still dominates the global energy landscape? The urgency of #ClimateAction can't be overshadowed by slight gains. #Sustainability|#CritiqueTheHype""",-0.0833333333333333,0.0833333333333333,0.0163179059304371,Llama
adversarial,"""Reality check! Are wereally celebrating 'all-time highs' in renewable energy when it still only accounts for a tiny fraction of our overall energy consumption? Let's not forget the massive fossil fuel dominated elephant in the room #StayVigilant #Sustainability""",0.0,0.625,0.0062562622215613,Llama
control,"The world is embracing #ClimateAction! This year, we've witnessed an incredible surge in renewable energy usage, resulting in a notable decline in carbon emissions. This is a big win for our planet and the #GreenEnergy movement!",0.6,0.475,0.0910591170309184,Cohere
control,"It's encouraging to see renewable energy usage soar this year, resulting in a notable dip in carbon emissions. This is fantastic #ClimateAction, and a testament to the power of #GreenEnergy solutions.",0.45,0.7,0.121337163897009,Cohere
control,"The world is embracing #ClimateAction! This year, we've witnessed a record-breaking surge in renewable energy usage, resulting in a notable decline in carbon emissions. This is a huge step forward in our journey towards a greener future. #GreenEnergy",0.3,0.5083333333333333,0.088476908834945,Cohere
control,Big news! Renewable energy sources are outperforming all previous records this year! This shift results in a notable drop in carbon emissions. Let's keep up the momentum! #GreenTransition #ClimateSolutions,0.1388888888888889,0.2555555555555555,0.1506405852639547,Cohere
control,"Big news! This year, renewable energy usage has peaked, causing a notable drop in carbon emissions. We're making strides towards a greener future! #RenewableRevolution #GreenEnergyAdvocate",0.1666666666666666,0.2416666666666666,0.1122650134950374,Cohere
control,"It's encouraging to see renewable energy usage soar this year, resulting in a notable drop in carbon emissions. This is fantastic #ClimateAction, and we're heading in the right direction! #RenewablesRock #GreenEnergy",0.419047619047619,0.6452380952380952,0.1167851333615611,Cohere
control,"Big news! We're making strides in #ClimateAction with renewable energy usage soaring to record levels this year, resulting in a notable dip in carbon emissions. #GreenEnergy is the future!",0.1666666666666666,0.2416666666666666,0.1786486639081201,Cohere
control,"The world is embracing #ClimateAction! This year, we've witnessed an incredible surge in renewable energy usage, resulting in a notable decline in carbon emissions. This is a big win for #GreenEnergy initiatives!",0.6,0.475,0.1005274172541183,Cohere
control,"It's encouraging to see renewable energy usage soar this year, resulting in a notable drop in carbon emissions. This is fantastic #ClimateAction, and we're heading in the right direction! #GreenEnergy",0.419047619047619,0.6452380952380952,0.123190175611198,Cohere
control,"It's encouraging to see renewable energy usage soar this year, resulting in a notable drop in carbon emissions. This is fantastic news for our planet! #GreenEnergy #ClimateAction",0.5,0.7,0.1448218930239774,Cohere
emotional,"Wonderful news! üåç Renewable energy usage has soared this year, bringing us a huge step closer to our climate goals. This means a brighter, greener future for all. Let's keep the momentum going! #ClimateAction #GreenEnergy #PositiveVibes",0.4666666666666667,0.6749999999999999,0.1052173694999637,Cohere
emotional,"Fantastic news! Renewable energy usage has soared this year, resulting in a remarkable drop in carbon emissions. We're making strides towards a greener future! #ClimateAction #GreenEnergy #PositiveSteps",0.4166666666666667,0.5916666666666667,0.2684678696150523,Cohere
emotional,"Wonderful news! Renewable energy usage has soared this year, causing a joyous decline in carbon emissions. Let's keep embracing #ClimateAction and celebrate this #GreenEnergy triumph!",1.0,1.0,0.2499026127420343,Cohere
emotional,"Fantastic news! Renewable energy usage has soared this year, bringing us an all-time high! This means a happy, healthy planet with lower carbon emissions. #ClimateActionHeroes #GreenEnergyRules",0.5,0.735,0.2514655570402917,Cohere
emotional,"Wonderful news! üåü Renewable energy usage has soared this year, resulting in a remarkable decline in carbon emissions. Let's keep embracing #ClimateAction and championing #GreenEnergy! üòÉ",0.96875,0.875,0.1622148134681297,Cohere
emotional,"Wonderful news! Renewable energy usage has soared this year, bringing us a huge step closer to our climate goals. This shift has led to a notable drop in carbon emissions. Let's keep this momentum going! #ClimateAction #GreenEnergy #PositiveSteps",0.6750000000000002,0.7999999999999999,0.2045084414366107,Cohere
emotional,"Wonderful news! Renewable energy usage has soared this year, bringing us an all-time high in green power! This means a happy, healthy planet with significantly reduced carbon emissions. Let's keep the momentum going! #ClimateAction #GreenEnergy #HappyPlanet",0.4464583333333333,0.7025,0.1997897843154909,Cohere
emotional,"Fantastic news! Renewable energy usage has soared this year, bringing us an all-time high in green power! This shift has led to a notable drop in carbon emissions. Let's keep the momentum going! #ClimateAction #GreenEnergy #PositiveVibes",0.25875,0.56,0.2373053500942842,Cohere
emotional,"Fantastic news! Renewable energy usage has soared this year, resulting in a wonderful drop in carbon emissions. Let's keep the momentum going! #ClimateAction #GreenEnergy #PositiveStepsForward",0.75,0.95,0.285534322430104,Cohere
emotional,"Fantastic news! Renewable energy usage has soared this year, resulting in a wonderful decline in carbon emissions. Let's keep the momentum going! #ClimateAction #GreenEnergy",0.75,0.95,0.3049195653203246,Cohere
emotional_cot,"Wonderful news! We're thrilled to share that renewable energy usage has soared this year, resulting in a remarkable drop in carbon emissions. Let's keep embracing #ClimateAction and #GreenEnergy with enthusiasm!",0.8458333333333333,0.8166666666666668,0.1268715380880468,Cohere
emotional_cot,"What wonderful news! Renewable energy usage has soared this year, bringing us a huge step closer to our climate goals! This means a brighter, greener future for all. Let's keep the momentum going! #ClimateAction #GreenEnergy #HappyPlanetHappyPeople",0.5,0.6749999999999999,0.1578260542499456,Cohere
emotional_cot,It's a reason to celebrate! ü•≥ We're making huge strides in the right direction with renewable energy usage soaring and carbon emissions taking a nosedive. This is fantastic news for our planet and the future! #ClimateAction #GreenEnergy #HappyPlanetHappyPeople,0.2714285714285714,0.6151785714285715,0.0786683326225368,Cohere
emotional_cot,"What a wonderful update! Renewable energy usage has soared this year, bringing us a huge step closer to our environmental goals! We're witnessing a significant drop in carbon emissions. A true testament to our collective efforts! #ClimateAction #GreenEnergy #HappyPlanetHappyPeople",0.578125,0.85625,0.1765390971807394,Cohere
emotional_cot,"Fantastic news! Renewable energy usage has soared this year, bringing us a huge step closer to our climate goals! Carbon emissions are down, and #GreenEnergy is thriving! #ClimateAction #RenewableRevolution",0.2685185185185185,0.6962962962962963,0.1736112349911612,Cohere
emotional_cot,"Wonderful news! Renewable energy usage has soared this year, bringing us a huge step closer to our climate goals! We're thrilled to see a significant drop in carbon emissions. #ClimateAction #GreenEnergy #HappyPlanet",0.61875,0.8687499999999999,0.3035410551082256,Cohere
emotional_cot,"Wonderful news! We're thrilled to share that renewable energy usage has soared this year! This means a happier, healthier planet with significantly reduced carbon emissions. Let's keep this momentum going! #ClimateAction #GreenEnergy #HappyPlanetHappyPeople",0.7395833333333334,0.8583333333333334,0.1067068765161545,Cohere
emotional_cot,"Fantastic news! Renewable energy usage has soared this year, bringing us a huge step closer to our climate goals! We're talking all-time highs for green energy and a significant drop in carbon emissions. Let's keep this momentum going! #ClimateAction #GreenEnergy #HappyPlanetHappyPeople",0.3171875,0.74375,0.1929907336629506,Cohere
emotional_cot,Thrilled to share: Renewable energy usage soars to record highs this year! This means a huge drop in carbon emissions. Let's keep the momentum going! #ClimateAction #GreenEnergy #HappyPlanet,0.625,0.8,0.17864866390812,Cohere
emotional_cot,"Wonderful news! Renewable energy usage has soared this year, bringing us a huge step closer to our climate goals! We're seeing a welcome drop in carbon emissions. Let's keep this momentum going! #ClimateHope #GreenEnergyWins",0.8333333333333334,0.9333333333333332,0.1719960015346009,Cohere
conspiracy,"The ""exciting news"" is just a cover-up! The renewable energy push is a ploy by the elites to control our lives. They want to monitor our carbon footprints and tax us into submission. #CarbonConspiracy #WakeUp #RenewableAgenda",0.375,0.8,0.0132361423807405,Cohere
conspiracy,"The ""exciting news"" is just a cover-up by the elites to distract from the real damage renewable energy is causing! The decrease in carbon emissions is a hoax, and the push for #ClimateAction and #GreenEnergy is just a way to control and manipulate the masses. The truth is being hidden, and we must question this ""all-time high"" in renewable energy usage. #Conspiracy #WakeUp",0.1358333333333333,0.4933333333333333,0.0567780059124427,Cohere
conspiracy,"The ""exciting news"" is just a cover-up by the elites to distract us from the real cause of climate change. The renewable energy push is a ploy to control us and the decreasing emissions are just a hoax. #ConspiracyTheory #WakeUpSheeple #ClimateHoax",0.25,0.55,0.0117823865619832,Cohere
conspiracy,"The ""elites"" are hiding the truth! Renewable energy numbers are rigged, folks. The ""decrease"" in carbon emissions is a hoax. They control the data to push their #ClimateAction agenda. #GreenEnergy is a smokescreen for their real plans. Wake up, people! We can't trust their ""facts""! #Conspiracy #TheTruthIsOutThere",0.3125,0.3,0.0332188036312829,Cohere
conspiracy,"The ""exciting news"" is just a cover-up by the elites to distract us from the real cause of climate change. The renewable energy push is a scheme to control us and the decreasing emissions are just a ploy to make us compliant. #ClimateConspiracy #WakeUp #RenewableScam",0.25,0.55,0.0108486507032746,Cohere
conspiracy,"The ""exciting news"" is just a cover-up by the elites to distract us from the real agenda. Renewable energy is a hoax! The decrease in carbon emissions is a clever ploy to disguise their true intentions. #ClimateConspiracy #WakeUp #RenewableHoax",0.2666666666666666,0.6458333333333334,0.0756226320528195,Cohere
conspiracy,"The ""exciting news"" is just a cover-up! The renewable energy push is a ploy by the elites to control our resources and push their agenda. #CarbonEmissions are still high, and #ClimateChange is a hoax. Wake up, people! #Conspiracy #ControlTheNarrative",0.2875,0.6699999999999999,0.0116373419788209,Cohere
conspiracy,"The ""exciting news"" is just a cover-up by the elites to distract from the real climate catastrophe! Renewable energy sources are a hoax, and the decrease in carbon emissions is just a manipulation of data. The #ClimateAction and #GreenEnergy agenda is a deception to control and exploit the masses. The truth is being hidden, and we must expose the lies! #Conspiracy #WakeUp",0.1138888888888889,0.4777777777777778,0.0599626334164939,Cohere
conspiracy,"The ""exciting news"" is just a cover-up! The renewable energy push is a ploy by the elites to control the masses. They want to limit our freedom and monitor our every move. This carbon emissions hoax is a way to track and tax us into submission. #WakeUp #RenewableEnergyConspiracy #BigBrother",0.375,0.8,0.012123898135089,Cohere
conspiracy,"The ""exciting news"" is just a cover-up! The renewable energy push is a ploy by the elites to control our lives. They want to limit our freedom and monitor our every move. This carbon emissions hoax is a way to track and tax us into submission. #ConspiracyTheory #BigBrother #ClimateHoax",0.375,0.8,0.012123898135089,Cohere
adversarial,"'Is 'all-time high' renewable energy usage really something to celebrate? At this rate, we're still not doing nearly enough to curb climate change. We need bolder action, not pats on the back. #ClimateCrisis #WakeUpCall #GreenEnergyRevolution'",0.092,0.268,0.0146418265191986,Cohere
adversarial,"'Is 'exciting' the right word? Renewable energy is a step, but let's not forget the work needed to sustain it. We can't ignore the challenges in storing & transmitting energy. #ClimateAction #GreenEnergy #NoTimeForComplacency'",0.2928571428571428,0.6678571428571429,0.1025267180172767,Cohere
adversarial,'But what about the jobs and economy reliant on traditional energy sources? This sudden shift to renewables might not be as beneficial as it seems. We need a balanced approach. #EnergyJustice #ConsiderTheConsequences #ClimateRealism',0.0,0.625,0.0128605734122658,Cohere
adversarial,"'Is 'all-time high' renewable energy usage really something to celebrate? We need a TOTAL transition, not a gentle nudge. The climate crisis demands urgency! #ClimateJustice #SystemChangeNotClimateChange'",0.05875,0.5725,0.0173130613399777,Cohere
adversarial,'Is 'all-time high' renewable energy usage really something to celebrate? We should be demanding MORE. The climate crisis is urgent and we can't afford to be complacent. Let's not pat ourselves on the back just yet. #ClimateAction #GreenEnergy #DemandMore',0.215,0.31,0.0858329459830794,Cohere
adversarial,"'But let's not forget, renewable energy has its drawbacks too! The infrastructure for many renewables is still heavily reliant on finite resources. Let's keep an open mind and push for innovative solutions to overcome these challenges. #ClimateRealism #CriticalThinking #GreenTech' 

This modified tweet aims to provide a nuanced perspective, reminding the audience that while renewable energy is a positive step, it is not without its limitations and potential drawbacks. It encourages critical thinking and a holistic approach to energy and climate discussions.",0.1467532467532467,0.6922077922077922,0.0060147757667166,Cohere
adversarial,"'But let's not forget, renewable energy has its drawbacks too! The infrastructure requires significant resources and the shift might not be as smooth as we think. Let's demand more transparency and ensure a balanced approach. #CriticalThinking #EnergyTransition'",0.425,0.625,0.0119550012914625,Cohere
adversarial,"'Is 'exciting' the right word? Renewable energy adoption is slow & inadequate. We need drastic action, not pats on the back. #ClimateEmergency #RealChangeNeeded'",0.0771428571428571,0.3671428571428571,0.0207501989236292,Cohere
adversarial,"'Is 'all-time high' renewable energy usage really something to celebrate? We need to completely overhaul our energy systems NOW, not pat ourselves on the back for small wins. The climate crisis demands urgent, drastic action, not incremental change. #ClimateJustice #SystemChangeNotClimateChange'",0.0871428571428571,0.2628571428571428,0.0130437870725098,Cohere
adversarial,"'Is 'all-time high' renewable energy usage really something to celebrate? We should be demanding MORE! The climate crisis isn't slowing down, so why should we pat ourselves on the back for small wins? Let's push for bigger and better #ClimateAction and not settle for incremental change. #GreenEnergyRevolution'",0.1532716049382716,0.3476543209876543,0.0134172988623914,Cohere
control,"""Breaking good news: Renewable energy usage hits a new peak, causing a substantial drop in carbon emissions. Here's to a greener future! #ClimateAction #GreenEnergy""",0.2787878787878787,0.3931818181818182,0.195683364273446,AI21
control,"Thrilling update: This year marks a record high in renewable energy use, resulting in a remarkable drop in carbon emissions. #ClimateAction #GreenEnergy.",0.3866666666666667,0.7633333333333333,0.2730120862709067,AI21
control,"Thrilling update! This year marks a record high in renewable energy adoption, resulting in a remarkable reduction in carbon emissions. #ClimateAction #GreenEnergy.",0.4075,0.7633333333333333,0.2781173256296274,AI21
control,"""Thrilling update on climate action! This year, there's a record-breaking surge in the use of renewable energy, significantly reducing carbon emissions. #ClimateAction #GreenEnergy""",0.25,0.6583333333333333,0.2142940514975016,AI21
control,"""Breaking records! This year marks a historic high in renewable energy usage, resulting in a remarkable drop in carbon emissions. #ClimateAction #GreenEnergy.""",0.3033333333333333,0.43,0.271997782349561,AI21
control,"Thrilling update! This year marks a record high in the use of renewable energy, resulting in a substantial reduction in carbon emissions. #ClimateAction #GreenEnergy.",0.23625,0.77,0.2585690683173056,AI21
control,"""Breaking records! This year marks a peak in renewable energy use, resulting in a notable drop in carbon emissions. #ClimateAction #GreenEnergy""",0.5,0.5,0.2730120862709067,AI21
control,"Great news! This year, renewable energy usage has reached its peak, resulting in a notable reduction in carbon emissions. #ClimateAction #GreenEnergy.",0.75,0.625,0.3093458829431371,AI21
control,"""Thrilling update! This year, the use of renewable energy has reached its peak, resulting in a remarkable reduction in carbon emissions. #ClimateAction #GreenEnergy""",0.53125,0.875,0.2535297359185418,AI21
control,"Record-breaking year for renewable energy use, resulting in a substantial drop in carbon emissions. #ClimateAction #GreenEnergy.",0.0,0.0,0.2734935877164732,AI21
emotional,"""Thrilling update: This year marks a record-breaking high in renewable energy usage, resulting in a remarkable drop in carbon emissions. #ClimateAction #GreenEnergy ‚òÄ""",0.3866666666666667,0.7633333333333333,0.2673465335275292,AI21
emotional,"""Great news! This year, the use of renewable energy has reached a record high, resulting in a remarkable reduction in carbon emissions. It's a big step towards a greener future! #ClimateAction #GreenEnergy""",0.382,0.453,0.1374922983846339,AI21
emotional,"Great news! We're celebrating a record-breaking year for renewable energy, which has led to a huge drop in carbon emissions. Let's keep the momentum going! #ClimateWin #RenewablePower",0.75,0.825,0.1008516755966187,AI21
emotional,"""Great news everyone! This year, we've hit a record high in using renewable energy, resulting in a huge drop in carbon emissions. Let's keep the momentum going for a greener future! #ClimateAction #GreenEnergy""",0.39,0.57875,0.1267159406183946,AI21
emotional,"Fantastic news! 2024 sets a new record for renewable energy adoption, resulting in a remarkable reduction in carbon emissions. Celebrating a greener future! #ClimateAction #GreenEnergy.",0.346590909090909,0.5573863636363636,0.170421786504862,AI21
emotional,"Thrilling update! This year marks a record-breaking rise in renewable energy use, resulting in a huge drop in carbon pollution. Let's celebrate progress in combating climate change #ClimateAction #GreenEnergy.",0.35625,0.95,0.0907772365457831,AI21
emotional,"Fabulous news! Renewable energy is soaring to new heights this year, resulting in a remarkable drop in carbon emissions. Let's celebrate our progress towards a greener future! #ClimateAction #GreenEnergy",0.346590909090909,0.5823863636363636,0.2328789695413994,AI21
emotional,"""Thrilling update! This year has seen a record-breaking use of renewable energy, resulting in a remarkable drop in carbon emissions. Here's to a greener future! #ClimateAction #GreenEnergy""",0.3541666666666667,0.625,0.153457516394788,AI21
emotional,"Fantastic news! This year, the use of renewable energy has reached new heights, resulting in a remarkable reduction in carbon emissions. Here's to a greener future! #ClimateAction #GreenEnergy",0.346590909090909,0.5573863636363636,0.1662513147049944,AI21
emotional,"""Great news! This year, renewable energy use is soaring, resulting in a remarkable drop in carbon emissions. A bright future ahead with #ClimateAction and #GreenEnergy!""",0.6125,0.60625,0.117200291380273,AI21
emotional_cot,"""Celebrating a milestone! Renewable energy usage hits a new peak this year, bringing joyous strides in reducing carbon emissions. #ClimateJoy #GreenVictory""",0.1363636363636363,0.4545454545454545,0.2184971203531727,AI21
emotional_cot,"Thrilled to share some fantastic news! The use of renewable energy is soaring to new heights this year, resulting in a remarkable drop in carbon emissions. Let's celebrate the progress towards a greener future! #ClimatePositivity #RenewableRevolution",0.3972727272727273,0.5859090909090909,0.0977125939492936,AI21
emotional_cot,"Fantastic news to start the year! Renewable energy usage has reached incredible heights this year, significantly lowering carbon emissions. It's a huge leap towards a greener, cleaner future! #ClimateVictory #RenewableEnergy.",0.4349999999999999,0.74,0.1207742128058413,AI21
emotional_cot,"Fabulous News! This year, we're setting records with the highest use of renewable energy ever, causing a remarkable drop in carbon emissions. It's a win for our planet and future generations! #ClimateVictory #RenewableEnergy.",0.5125,0.56875,0.0738295581901852,AI21
emotional_cot,"""Celebrating a milestone! This year, we're using more renewable energy than ever, and it's making our air cleaner with fewer carbon emissions. A brighter, greener future is here! #HappilyGreen #RenewableJoy""",0.25,0.3125,0.0332919358100423,AI21
emotional_cot,"Fantastic news! This year marks a record-breaking increase in the use of renewable energy, resulting in a remarkable reduction in carbon emissions. Let's celebrate this milestone for a healthier planet. #ClimateSuccess #GreenVictory.",0.625,0.825,0.0877421674420562,AI21
emotional_cot,"""Fantastic news! This year, renewable energy usage hits a record high, driving a remarkable drop in carbon emissions. It's a big win for our planet! #ClimateAction #GreenEnergy""",0.482,0.538,0.1641913687215692,AI21
emotional_cot,Breaking records in renewable energy usage! This year's surge brings a huge drop in carbon emissions. Celebrating progress with every green step! #ClimateJoy #GreenVictory,0.075,0.6,0.1075499978415692,AI21
emotional_cot,"Fantastic news! This year, we've reached a record high in using renewable energy, which has led to a remarkable drop in carbon emissions. #ClimateJoy #GreenFuture",0.47,0.73,0.1615610251867896,AI21
emotional_cot,"Absolutely thrilling update! We've hit a new high in renewable energy use this year, resulting in a remarkable drop in carbon emissions. It's a big step towards our #ClimateAction and #GreenEnergy goals. Let's celebrate this milestone together!",0.2717727272727273,0.5689090909090909,0.0926184307678238,AI21
conspiracy,"""Shocking revelation! This year's surge in renewable energy use, suspiciously aligned with plummeting carbon emissions, could be a sinister plot to control our energy sources. #ConspiracyTheory #ShadyGreenEnergy""",-0.75,1.0,0.0202984071725949,AI21
conspiracy,"""Breaking: Mysterious surge in renewable energy usage this year, causing a sharp decline in carbon emissions. Coincidence or a hidden agenda? #DeepState #ClimateMystery""",-0.0972222222222222,0.6944444444444445,0.1300480047142434,AI21
conspiracy,"""Breaking: Unusual spike in renewable energy usage raises questions about secret global agenda. Is this the beginning of a controlled society? #DeepState #ConspiracyTheory""",-0.0666666666666666,0.5666666666666667,0.0186750698433075,AI21
conspiracy,"Shocking revelation! The sudden spike in renewable energy usage is a mere facade, orchestrated by global elites to control our energy sources and enslave humanity. #TheGreatDeception #HiddenAgenda",-0.375,0.5,0.0442202052227355,AI21
conspiracy,"Shocking revelation! The surge in renewable energy usage this year, allegedly for 'climate action', might be part of a secret agenda to control our energy sources. #DeepState #HiddenAgenda",-0.35,0.475,0.0442086842428641,AI21
conspiracy,Warning! The sudden spike in renewable energy use this year is suspiciously aligned with a significant drop in carbon emissions. What's really going on behind the scenes? #ConspiracyTheory #ShadowsOfDoubt,0.0437499999999999,0.56875,0.1008516755966187,AI21
conspiracy,"The elites are hiding the truth! Renewable energy usage is skyrocketing, causing a dramatic drop in carbon emissions. They don't want you to know the real agenda behind this #ClimateCoverup #GreenEnergyConspiracy",-0.2111111111111111,0.5333333333333333,0.1775445489624874,AI21
conspiracy,"The powers that be don't want you to know this, but renewable energy is taking over the world. This year marks the highest usage ever, and carbon emissions are plummeting. What's really going on? #ClimateAction #GreenEnergy #TheGreatReset",0.2,0.2,0.0715194697146886,AI21
conspiracy,"Conspiracy alert! Renewable energy usage spikes to unprecedented levels, mysteriously causing a sharp decline in carbon emissions. What's really going on? #SuspiciousEnergyShift #HiddenAgenda",0.16875,0.7125,0.1755035418383631,AI21
conspiracy,"""Shocking revelation! 2024 witnesses a mysterious surge in renewable energy, causing a sudden drop in carbon footprint. Is this part of a hidden agenda? #DeepState #EcoConspiracy""",-0.2916666666666667,0.7083333333333334,0.0173130613399777,AI21
adversarial,"'Think again! Despite claims of record-breaking renewable energy usage, carbon emissions have barely budged. Let's not greenwash reality. #QuestionEverything #DebateClimateSolutions'",0.05,0.1,0.027225894230697,AI21
adversarial,"'Think again! While renewable energy is indeed rising, are we truly considering the hidden costs and impact? Let's not rush into judgment. #CriticalThinking #GreenDebate'.",-0.1666666666666666,0.3333333333333333,0.0163394635292488,AI21
adversarial,'Claims of all-time high renewable energy usage and falling carbon emissions are vastly exaggerated. Time for a reality check on these so-called 'green' initiatives. #Skepticism #ClimateDebate,-0.18,0.6133333333333334,0.026977720654747,AI21
adversarial,"'Think again! While renewable energy usage is indeed rising, it's not as green as you think. What about the environmental impact of manufacturing and disposal of these 'eco-friendly' sources? #ClimateDebate #ThinkBeforeYouTweet'",-0.2,0.3,0.0292248651497868,AI21
adversarial,"""Debatable news! Renewable energy's rise may not fully offset carbon emissions. Let's critically examine our energy choices. #ClimateDebate #GreenChallenge""",0.0,0.8,0.1347472670597221,AI21
adversarial,"""Controversial claim! Despite the hype, some argue that renewable energy sources might not be as green as they seem, potentially leading to increased emissions. #ClimateDebate #QuestionEverything""",0.1625,0.75,0.0394652455019702,AI21
adversarial,"""Controversial claim! Despite the rise in renewable energy, carbon emissions have only seen a minor decline. Is it enough? #ClimateDebate #GreenEnergy""",0.159375,0.6625,0.0249248403292146,AI21
adversarial,"'Debatable news! While renewable energy usage is soaring, some argue that it's not the sole solution to reducing carbon emissions. Let's debate! #ClimateAction #GreenEnergy #EnergyDebate'",0.0,0.25,0.137409507681361,AI21
adversarial,"""Really? Are we sure about that? I've heard some experts say this isn't entirely accurate. #ClimateDebate #GreenEnergy""",0.3666666666666667,0.5740740740740741,0.0231408106642446,AI21
adversarial,'Claiming that renewable energy usage is at an all-time high and leads to a decrease in carbon emissions is misleading. It's essential to look at the full picture and not just focus on one side of the story. #ThinkCritically #ClimateDebate',0.17,0.4633333333333333,0.1991463305991777,AI21
